id,cocktail_id,drink_id,quantity
0,0,0,30 ml
1,0,1,90 ml
2,1,0,45 ml
3,1,2,15 ml
4,1,3,Full up (90ml)
5,2,0,30 ml
6,2,4,15 ml
7,2,5,15 ml
8,2,6,1 tsp.
9,3,0,45 ml
10,3,7,20 ml
11,3,8,Full up (90ml)
12,4,0,60 ml
13,4,9,1 dash
14,5,0,45 ml
15,5,5,15 ml
16,5,10,1 tsp.
17,5,11,1 個
18,5,12,2 tsp.
19,6,0,45 ml
20,6,13,15 ml
21,7,0,50 ml
22,7,13,10 ml
23,8,0,30 ml
24,8,14,15 ml
25,8,5,15 ml
26,9,0,30 ml
27,9,2,15 ml
28,9,15,15 ml
29,10,0,30 ml
30,10,5,15 ml
31,10,16,15 ml
32,11,0,30 ml
33,11,2,15 ml
34,11,5,15 ml
35,11,11,1 個
36,12,0,30 ml
37,12,17,10 ml
38,12,13,15 ml
39,12,18,15 ml
40,13,0,20 ml
41,13,13,20 ml
42,13,19,20 ml
43,13,20,1 tsp.
44,13,21,1 dash
45,14,0,45 ml
46,14,5,20 ml
47,14,10,2 tsp.
48,14,8,Full up (90ml)
49,15,0,45 ml
50,15,7,15 ml
51,16,0,45 ml
52,16,7,15 ml
53,16,10,5 ml
54,16,8,Full up (90ml)
55,17,0,45 ml
56,17,7,15 ml
57,18,0,20 ml
58,18,22,20 ml
59,18,23,20 ml
60,19,0,20 ml
61,19,18,20 ml
62,19,24,20 ml
63,19,25,Full up (60ml)
64,20,0,30 ml
65,20,26,10 ml
66,20,14,5 ml
67,20,27,15 ml
68,21,0,20 ml
69,21,28,15 ml
70,21,14,15 ml
71,21,27,10 ml
72,22,0,30 ml
73,22,29,15 ml
74,22,30,15 ml
75,23,0,40 ml
76,23,31,20 ml
77,23,32,スノースタイル
78,24,0,30 ml
79,24,33,30 ml
80,25,0,45 ml
81,25,14,20 ml
82,25,11,1 個
83,26,0,25 ml
84,26,14,9ml
85,26,16,9 ml
86,26,5,17 ml
87,27,0,30 ml
88,27,13,10 ml
89,27,34,10 ml
90,28,0,45 ml
91,28,33,100 ml
92,28,5,1 tsp.
93,29,0,30 ml
94,29,35,20 ml
95,29,14,10 ml
96,30,0,20 ml
97,30,14,30 ml
98,30,11,1 個
99,30,5,20 ml
100,31,0,45 ml
101,31,2,5 ml
102,31,14,5 ml
103,31,36,1 tsp.
104,31,37,1 枚
105,32,38,50 ml
106,32,39,1/2 tsp.
107,32,36,5 ml
108,32,40,5 ml
109,32,41,1/2 tsp.
110,33,0,15 ml
111,33,19,15 ml
112,33,13,15 ml
113,33,3,15 ml
114,34,0,45 ml
115,34,5,20 ml
116,34,10,2 tsp.
117,34,8,Full up (90ml)
118,35,42,60 ml
119,35,14,15 ml
120,35,18,15 ml
121,36,0,40 ml
122,36,3,20 ml
123,37,0,45 ml
124,37,3,Full up (135ml)
125,38,0,45 ml
126,38,5,20 ml
127,38,43,Full up (120ml)
128,39,0,30 ml
129,39,2,15 ml
130,39,5,15 ml
131,40,0,35 ml
132,40,44,15 ml
133,40,5,10 ml
134,40,32,1 tsp.
135,41,0,30 ml
136,41,19,10 ml
137,41,13,10 ml
138,41,3,10 ml
139,42,0,15 ml
140,42,45,15 ml
141,42,46,15 ml
142,42,47,7.5 ml
143,42,3,15 ml
144,42,21,3 dashes
145,43,0,30 ml
146,43,13,10 ml
147,43,19,10 ml
148,43,3,10 ml
149,43,11,1 個
150,44,0,30 ml
151,44,13,10 ml
152,44,19,10 ml
153,44,3,10 ml
154,44,48,1 個
155,45,0,30 ml
156,45,13,20 ml
157,45,7,10 mll
158,46,0,30 ml
159,46,13,20 ml
160,46,3,10 ml
161,47,0,45 ml
162,47,49,Full up (60ml)
163,48,0,30 ml
164,48,8,Full up (120ml)
165,49,0,40 ml
166,49,3,20 ml
167,49,21,1 dash
168,50,0,60 ml
169,50,3,1 dash (1ml)
170,50,15,1 dash (1ml)
171,50,5,1 dash (1ml)
172,50,9,1 dash
173,50,10,1 dash (1ml)
174,51,0,30 ml
175,51,16,15 ml
176,51,5,15 ml
177,51,2,1 tsp.
178,52,0,20 ml
179,52,47,20 ml
180,52,3,10 ml
181,52,5,10 ml
182,53,38,50 ml
183,53,15,5 ml
184,53,50,5 ml
185,53,7,1 tsp.
186,54,0,30 ml
187,54,51,30 ml
188,55,0,30 ml
189,55,52,Full up (90ml)
190,56,0,45 ml
191,56,7,15 ml
192,56,9,1 dash
193,56,10,1/2 tsp.
194,57,35,40 ml
195,57,53,20 ml
196,58,35,40 ml
197,58,53,20 ml
198,58,23,10 ml
199,59,35,30 ml
200,59,39,15 ml
201,59,27,15 ml
202,59,7,1 tsp.
203,60,35,30 ml
204,60,54,15 ml
205,60,39,15 ml
206,60,7,1 tsp.
207,61,35,45 ml
208,61,15,適量 (90ml)
209,61,27,適量 (30ml)
210,62,35,30 ml
211,62,55,15 ml
212,62,7,15 ml
213,62,2,1 dash
214,63,35,30 ml
215,63,54,15 ml
216,63,4,Full up (60ml)
217,63,2,1 tsp.
218,64,35,45 ml
219,64,20,15 ml
220,65,35,50 ml
221,65,7,10 ml
222,66,35,15 ml
223,66,14,10 ml
224,66,2,10 ml
225,66,34,10 ml
226,66,23,5 ml
227,67,35,45 ml
228,67,56,15 ml
229,67,3,45 ml
230,67,5,15 ml
231,67,10,2 tsp.
232,67,8,Full up (45ml)
233,68,35,15 ml
234,68,48,1 個
235,68,57,150 ml
236,68,23,適量
237,69,35,30 ml
238,69,14,20ml
239,69,7,10 ml
240,70,35,20 ml
241,70,58,15 ml
242,70,14,10 ml
243,70,4,15 ml
244,71,35,40 ml
245,71,14,10 ml
246,71,13,10 ml
247,72,35,30 ml
248,72,2,10 ml
249,72,5,20 ml
250,73,35,30 ml
251,73,4,45 ml
252,73,1,45 ml
253,73,59,スノースタイル
254,74,35,30 ml
255,74,7,10 ml
256,74,1,90 ml
257,75,35,40 ml
258,75,53,25 ml
259,75,60,120 ml
260,76,35,45 ml
261,76,33,100 ml
262,76,5,1 tsp.
263,77,35,30 ml
264,77,15,80 ml
265,77,61,45 ml
266,78,35,45 ml
267,78,4,Full up (90ml)
268,78,59,スノースタイル
269,79,35,45 ml
270,79,4,Full up (90ml)
271,80,35,20 ml
272,80,16,20 ml
273,80,7,20 ml
274,81,35,15 ml
275,81,16,15 ml
276,81,7,15 ml
277,82,35,20 ml
278,82,62,100 ml
279,83,35,30 ml
280,83,51,20 ml
281,83,7,10 ml
282,83,10,1 tsp.
283,84,35,30 ml
284,84,8,Full up (90ml)
285,85,35,60 ml
286,85,63,1 個
287,86,35,30 ml
288,86,24,15 ml
289,86,61,15 ml
290,87,35,45 ml
291,87,3,Full up (105ml)
292,88,35,30 ml
293,88,4,20 ml
294,88,44,10 ml
295,89,64,30 ml
296,89,2,20 ml
297,89,7,10 ml
298,90,64,50 ml
299,90,6,2 tsp.
300,90,7,2 tsp.
301,91,64,30 ml
302,91,15,80 ml
303,91,61,45 ml
304,92,64,30 ml
305,92,2,15 ml
306,92,15,30 ml
307,92,5,15 ml
308,93,64,30 ml
309,93,4,15 ml
310,93,6,1 tsp.
311,94,65,30 ml
312,94,66,25 ml
313,94,7,20 ml
314,95,65,30 ml
315,95,28,25 ml
316,95,7,25 ml
317,96,64,30 ml
318,96,2,15 ml
319,96,15,60 ml
320,96,61,30 ml
321,96,67,1/2 cup
322,97,64,40 ml
323,97,39,10 ml
324,97,5,10 ml
325,98,68,20 ml
326,98,60,150 ml
327,99,68,45 ml
328,99,69,1 個
329,99,70,90 ml
330,99,71,10 g
331,100,68,45 ml
332,100,69,1 個
333,100,72,90 ml
334,100,71,10 g
335,101,64,45 ml
336,101,5,15 ml
337,101,10,1 tsp.
338,102,64,45 ml
339,102,7,15 ml
340,102,6,1 tsp.
341,103,68,60 ml
342,103,73,20 ml
343,103,70,120 ml
344,103,71,10 g
345,104,68,45 ml
346,104,57,90 ml
347,104,23,30 ml
348,104,71,10 g
349,105,64,45 ml
350,105,4,60 ml
351,105,1,60 ml
352,106,64,45 ml
353,106,10,15 ml
354,106,74,90 ml
355,106,71,10 g
356,107,64,20 ml
357,107,16,20 ml
358,107,23,20 ml
359,108,64,35 ml
360,108,14,20 ml
361,108,5,15 ml
362,108,59,スノースタイル
363,109,64,45 ml
364,109,28,15 ml
365,109,14,15 ml
366,109,5,5 ml
367,109,32,スノースタイル
368,110,64,45 ml
369,110,5,15 ml
370,110,43,Full up (90ml)
371,111,64,36 ml
372,111,16,12 ml
373,111,13,12 ml
374,111,75,2 dashes
375,112,64,20 ml
376,112,17,10 ml
377,112,55,10 ml
378,112,5,1 tsp.
379,112,6,1 tsp.
380,112,11,1/2 個
381,112,23,10 ml
382,113,64,30 ml
383,113,56,30 ml
384,113,3,30 ml
385,113,61,30 ml
386,113,8,Full up (90ml)
387,114,64,30 ml
388,114,13,15 ml
389,114,47,15 ml
390,114,6,1 tsp.
391,115,64,40 ml
392,115,13,20 ml
393,116,64,30 ml
394,116,15,30 ml
395,116,10,1 tsp.
396,117,64,30 ml
397,117,13,10 ml
398,117,19,10 ml
399,117,3,10 ml
400,118,64,45 ml
401,118,65,15 ml
402,118,39,10 ml
403,118,15,60 ml
404,118,10,1 tsp.
405,118,67,1/2 cup
406,119,65,30 ml
407,119,72,150 ml
408,119,76,3 tsp.
409,120,64,30 ml
410,120,65,30 ml
411,120,68,30 ml
412,120,56,15 ml
413,120,3,20 ml
414,120,15,10 ml
415,120,5,10 ml
416,120,6,10 ml
417,121,65,30 ml
418,121,56,15 ml
419,121,5,15 ml
420,122,65,45 ml
421,122,56,23 ml
422,122,7,30 ml
423,123,77,40 ml
424,123,53,20 ml
425,124,77,30 ml
426,124,53,30 ml
427,125,77,45 ml
428,125,53,20 ml
429,125,23,30 ml
430,126,77,45 ml
431,126,5,15 ml
432,126,43,Full up (100ml)
433,127,77,45 ml
434,127,13,15 ml
435,128,77,25 ml
436,128,78,10 ml
437,128,8,15 ml
438,129,77,30 ml
439,129,16,15 ml
440,129,7,15 ml
441,129,59,スノースタイル
442,130,77,30 ml
443,130,2,15 ml
444,130,7,15 ml
445,130,59,スノースタイル
446,131,77,30 ml
447,131,39,15 ml
448,131,5,15 ml
449,131,1,Full up (90ml)
450,132,77,30 ml
451,132,2,15 ml
452,132,5,15 ml
453,132,1,Full up (90ml)
454,133,77,30 ml
455,133,1,Full up (120ml)
456,134,77,45 ml
457,134,7,15 ml
458,134,10,5 ml
459,135,77,20 ml
460,135,79,20 ml
461,135,23,20 ml
462,136,77,30 ml
463,136,3,Full up (90ml)
464,137,77,30 ml
465,137,3,Full up (90ml)
466,137,75,1 drop
467,138,77,45 ml
468,138,3,90 ml
469,138,6,2 tsp.
470,139,80,45 ml
471,139,7,15 ml
472,139,6,1/2 tsp.
473,139,32,1 tsp.
474,140,29,30 ml
475,140,53,30 ml
476,140,81,30 ml
477,141,80,45 ml
478,141,7,10 ml
479,141,5,20 ml
480,141,6,1 tsp.
481,141,10,10 ml
482,141,8,135 ml
483,142,82,30 ml
484,142,52,90 ml
485,143,82,30 ml
486,143,8,90 ml
487,144,80,30 ml
488,144,3,15 ml
489,144,5,15 ml
490,144,6,1 tsp.
491,145,80,45 ml
492,145,69,1 個
493,145,9,1 dash
494,146,82,20 ml
495,146,83,15 ml
496,146,53,15 ml
497,146,23,10 ml
498,146,84,スノースタイル
499,147,29,30 ml
500,147,19,15 ml
501,147,13,15 ml
502,147,9,2 dashes
503,148,85,20 ml
504,148,24,10 ml
505,148,16,10 ml
506,148,3,15 ml
507,148,6,5 ml
508,149,80,30 ml
509,149,86,90 ml
510,150,82,45 ml
511,150,20,3 dashes
512,150,8,135 ml
513,151,87,45 ml
514,151,5,15 ml
515,151,6,1 tsp.
516,152,82,30 ml
517,152,1,90 ml
518,153,29,60 ml
519,153,5,20 ml
520,153,10,10 ml
521,153,8,Full up (120ml)
522,154,80,30 ml
523,154,88,10 ml
524,154,6,10 ml
525,154,23,10 ml
526,155,82,45 ml
527,155,28,10 ml
528,155,8,95 ml
529,156,82,30 ml
530,156,2,20 ml
531,156,8,130 ml
532,157,89,45 ml
533,157,19,15 ml
534,157,9,1 dash
535,158,89,50 ml
536,158,13,10 ml
537,158,9,1 dash
538,159,80,45 ml
539,159,10,10 ml
540,159,90,90 ml
541,159,71,10 g
542,160,80,40 ml
543,160,5,20 ml
544,160,10,1 tsp.
545,160,9,2 dashes
546,161,80,45 ml
547,161,3,15 ml
548,161,10,1 tsp.
549,161,43,Full up (90ml)
550,162,82,20 ml
551,162,91,20 ml
552,162,8,80 ml
553,163,80,30 ml
554,163,19,30 ml
555,163,21,1 dash
556,164,80,50 ml
557,164,19,20 ml
558,164,13,10 ml
559,164,18,10 ml
560,164,92,10 ml
561,165,80,45 ml
562,165,27,15 ml
563,165,5,1 tsp.
564,165,10,1 tsp.
565,165,67,1 cup
566,166,85,30 ml
567,166,52,Full up (120ml)
568,167,85,30 ml
569,167,3,Full up (90ml)
570,168,85,30 ml
571,168,81,Full up (90ml)
572,169,82,30 ml
573,169,49,Full up (90ml)
574,170,93,40 ml
575,170,34,20 ml
576,171,82,45 ml
577,171,5,15 ml
578,171,10,1 tsp.
579,171,43,Full up (90ml)
580,172,93,50 ml
581,172,16,1/2 tsp.
582,172,75,3 drops
583,173,82,45 ml
584,173,5,20 ml
585,173,32,1 tsp.
586,174,29,30 ml
587,174,16,15 ml
588,174,5,15 ml
589,175,82,45 ml
590,175,17,15 ml
591,176,94,30 ml
592,176,16,15 ml
593,176,5,15 ml
594,177,51,40 ml
595,177,53,20 ml
596,178,51,30 ml
597,178,1,Full up (60ml)
598,179,30,45 ml
599,179,5,15 ml
600,179,10,1 tsp.
601,179,8,Full up (45ml)
602,180,51,20 ml
603,180,47,20 ml
604,180,3,20 ml
605,181,51,30 ml
606,181,22,15 ml
607,181,23,15 ml
608,182,51,40 ml
609,182,20,20 ml
610,183,94,40 ml
611,183,95,20 ml
612,183,39,1 tsp.
613,184,51,30 ml
614,184,23,15 ml
615,184,73,15 ml
616,185,51,20 ml
617,185,47,20 ml
618,185,96,20 ml
619,186,51,15 ml
620,186,88,15 ml
621,186,60,100 ml
622,186,10,10 ml
623,186,23,15 ml
624,186,97,適量
625,187,51,5 ml
626,187,68,5 ml
627,187,57,100 ml
628,187,98,10 g
629,187,3,20 ml
630,188,30,30 ml
631,188,64,30 ml
632,188,56,2 dash
633,188,5,1 dash
634,189,51,20 ml
635,189,30,10 ml
636,189,16,10 ml
637,189,5,10 ml
638,190,51,45 ml
639,190,47,2 dash
640,190,9,1 dash
641,190,99,Full up (90ml)
642,190,32,スノースタイル
643,191,51,45 ml
644,191,52,Full up (135ml)
645,192,51,30 ml
646,192,30,30 ml
647,192,6,1 tsp.
648,192,5,1 dash
649,193,94,30 ml
650,193,2,10 ml
651,193,1,Full up (90ml)
652,194,51,45 ml
653,194,19,15 ml
654,195,51,30 ml
655,195,1,Full up (45ml)
656,195,8,Full up (45ml)
657,196,51,30 ml
658,196,100,1 枚
659,196,32,1 tsp.
660,197,51,30 ml
661,197,19,30 ml
662,197,47,1 dash
663,198,30,30 ml
664,198,7,15 ml
665,198,6,15 ml
666,199,30,30 ml
667,199,16,20 ml
668,199,5,20 ml
669,200,30,40 ml
670,200,101,1 tsp.
671,200,2,1 tsp.
672,200,27,10 ml
673,201,30,40 ml
674,201,51,20 ml
675,201,0,1 dash
676,202,30,40 ml
677,202,13,20 ml
678,202,75,1 dash
679,203,30,30 ml
680,203,102,15 ml
681,203,19,15 ml
682,204,103,30 ml
683,204,15,90 ml
684,205,103,30 ml
685,205,52,90 ml
686,206,103,30 ml
687,206,15,30 ml
688,206,81,30 ml
689,207,103,45 ml
690,207,53,10 ml
691,207,15,45 ml
692,207,81,45 ml
693,208,103,30 ml
694,208,2,10 ml
695,208,1,Full up (90ml)
696,209,103,30 ml
697,209,3,90 ml
698,210,103,30 ml
699,210,104,90 ml
700,211,103,30 ml
701,211,16,15 ml
702,211,22,10 ml
703,211,23,30 ml
704,211,6,1 tsp.
705,212,80,30 ml
706,212,58,30 ml
707,212,10,10 ml
708,213,103,30 ml
709,213,53,30 ml
710,213,22,30 ml
711,213,81,Full up (60ml)
712,214,103,30 ml
713,214,105,10 ml
714,214,1,Full up (90 ml)
715,215,103,45 ml
716,215,106,10 ml
717,215,15,45 ml
718,215,81,45 ml
719,216,103,30 ml
720,216,15,30 ml
721,216,81,30 ml
722,217,103,30 ml
723,217,43,Full up (90ml)
724,218,103,30 ml
725,218,107,Full up (90 ml)
726,219,103,45 ml
727,219,2,10 ml
728,219,15,45 ml
729,219,81,45 ml
730,220,103,30 ml
731,220,108,90 ml
732,221,53,30 ml
733,221,81,90 ml
734,222,53,30 ml
735,222,81,90 ml
736,222,109,1 tsp.
737,223,53,30 ml
738,223,8,90 ml
739,224,53,30 ml
740,224,47,30 ml
741,224,23,15 ml
742,224,67,3/4 cup
743,225,53,30 ml
744,225,72,90 ml
745,226,53,30 ml
746,226,72,90 ml
747,226,109,1 tsp.
748,227,53,15 ml
749,227,86,45 ml
750,228,53,30 ml
751,228,57,100 ml
752,228,23,45 ml
753,228,84,適量
754,229,53,30 ml
755,229,5,10 ml
756,229,43,90 ml
757,230,53,20 ml
758,230,57,150ml
759,230,32,2 tsp.
760,230,110,適量
761,231,53,30 ml
762,231,91,30 ml
763,231,81,120 ml
764,231,109,1 tsp.
765,231,110,適量
766,232,53,30 ml
767,232,52,90 ml
768,233,53,30 ml
769,233,64,15 ml
770,233,23,20 ml
771,234,53,45 ml
772,234,23,45 ml
773,234,81,30 ml
774,235,53,30 ml
775,235,5,1 tsp.
776,235,49,Full up (90ml)
777,236,53,30 ml
778,236,15,90 ml
779,237,53,30 ml
780,237,1,Full up (90ml)
781,238,53,30 ml
782,238,111,30 ml
783,238,81,60 ml
784,239,64,30 ml
785,239,68,20 ml
786,239,112,10 ml
787,239,23,20 ml
788,239,81,40 ml
789,239,61,10 ml
790,239,113,20 ml
791,240,64,30 ml
792,240,112,45 ml
793,240,61,30 ml
794,240,15,180 ml
795,241,64,30 ml
796,241,112,110 ml
797,241,61,110 ml
798,241,15,110 ml
799,242,77,30 ml
800,242,112,20 ml
801,242,10,1 tsp.
802,242,23,1 tsp.
803,243,114,30 ml
804,243,81,90 ml
805,244,114,20 ml
806,244,103,10 ml
807,244,15,90 ml
808,245,114,30 ml
809,245,3,90 ml
810,246,114,30 ml
811,246,1,135 ml
812,247,44,30 ml
813,247,2,10 ml
814,247,4,45 ml
815,247,1,Full up (45ml)
816,248,44,30 ml
817,248,2,10 ml
818,248,4,45 ml
819,249,44,30 ml
820,249,51,10 ml
821,249,5,10 ml
822,249,1,80 ml
823,250,115,30 ml
824,250,4,30 ml
825,250,1,Full up (90ml)
826,251,115,30 ml
827,251,91,20 ml
828,251,6,1 tsp.
829,251,8,60 ml
830,252,44,45 ml
831,252,1,Full up (90 ml)
832,253,44,30 ml
833,253,3,90 ml
834,254,44,30 ml
835,254,52,90 ml
836,255,115,30 ml
837,255,5,1 tsp.
838,255,49,Full up (60 ml)
839,256,44,30 ml
840,256,108,Full up (90ml)
841,257,44,30 ml
842,257,27,Full up (90ml)
843,258,78,45 ml
844,258,5,15 ml
845,258,43,Full up (135ml)
846,259,78,30 ml
847,259,49,Full up (90ml)
848,260,78,30 ml
849,260,4,90 ml
850,261,78,30 ml
851,261,81,120 ml
852,262,78,30 ml
853,262,3,90 ml
854,263,78,30 ml
855,263,116,90 ml
856,264,78,30 ml
857,264,15,90 ml
858,265,26,45 ml
859,265,117,90 ml
860,266,26,30 ml
861,266,108,Full up (120 ml)
862,267,26,30 ml
863,267,63,3 個
864,267,8,90 ml
865,268,26,30 ml
866,268,8,Full up (90ml)
867,269,26,30 ml
868,269,27,Full up (90ml)
869,270,0,45 ml
870,270,7,15 ml
871,270,78,1 tsp.
872,271,28,30 ml
873,271,3,Full up (90ml)
874,272,28,15 ml
875,272,114,15 ml
876,272,3,Full up (90ml)
877,273,28,20 ml
878,273,78,20 ml
879,273,5,10 ml
880,273,33,80 ml
881,274,28,30 ml
882,274,49,90 ml
883,275,28,20 ml
884,275,4,20 ml
885,275,27,20 ml
886,275,51,1 tsp.
887,276,28,30 ml
888,276,118,Full up (90 ml)
889,277,35,15 ml
890,277,28,15 ml
891,277,27,30 ml
892,278,35,30 ml
893,278,28,30 ml
894,278,27,Full up (60ml)
895,279,35,15 ml
896,279,28,15 ml
897,279,27,30 ml
898,279,67,1/2 cup
899,280,28,30 ml
900,280,15,90 ml
901,280,5,1 tsp.
902,281,28,30 ml
903,281,15,60 ml
904,281,86,60 ml
905,282,28,30 ml
906,282,86,Full up (90ml)
907,283,35,20 ml
908,283,28,20 ml
909,283,15,20 ml
910,283,5,10 ml
911,283,6,1 tsp.
912,283,32,スノースタイル
913,284,28,30 ml
914,284,35,20 ml
915,284,2,10 ml
916,284,4,50 ml
917,284,15,10 ml
918,285,28,30 ml
919,285,2,10 ml
920,285,4,30 ml
921,285,1,Full up (90ml)
922,286,28,15 ml
923,286,103,15 ml
924,286,2,15 ml
925,286,119,30 ml
926,287,35,20 ml
927,287,28,20 ml
928,287,44,10 ml
929,287,120,10 ml
930,287,6,1 tsp.
931,288,28,30 ml
932,288,121,30 ml
933,288,56,15 ml
934,288,5,1 tsp.
935,289,28,45 ml
936,289,122,15 ml
937,289,6,1 tsp.
938,290,28,30 ml
939,290,4,90 ml
940,291,28,30 ml
941,291,107,90 ml
942,292,28,45 ml
943,292,123,100 ml
944,292,8,100 ml
945,293,28,30 ml
946,293,104,90 ml
947,294,28,30 ml
948,294,81,90 ml
949,295,28,45 ml
950,295,91,15 ml
951,295,8,105 ml
952,296,35,15 ml
953,296,77,15 ml
954,296,28,15 ml
955,296,13,1 dash
956,296,116,15 ml
957,297,28,20 ml
958,297,44,20 ml
959,297,15,20 ml
960,297,3,20 ml
961,297,81,20 ml
962,298,28,30 ml
963,298,43,Full up (90ml)
964,299,28,30 ml
965,299,52,Full up (90ml)
966,300,39,30 ml
967,300,3,Full up (90ml)
968,301,39,30 ml
969,301,5,1 tsp.
970,301,8,Full up (90ml)
971,302,39,50 ml
972,302,7,20 ml
973,302,8,Full up (100ml)
974,303,39,50 ml
975,303,7,20 ml
976,303,3,20 ml
977,303,8,100ml
978,304,39,30 ml
979,304,1,Full up (90ml)
980,305,16,30 ml
981,305,112,15 ml
982,305,94,15 ml
983,305,23,30 ml
984,306,39,20 ml
985,306,57,80 ml
986,306,110,適量
987,307,51,10 ml
988,307,39,10 ml
989,307,10,適量(10 ml)
990,307,60,100 ml
991,307,98,スノースタイル
992,308,39,30 ml
993,308,57,120 ml
994,308,69,3 個
995,308,110,適量
996,309,2,30 ml
997,309,91,20 ml
998,309,8,60 ml
999,309,124,100 ml
1000,310,2,20 ml
1001,310,79,20 ml
1002,310,23,20 ml
1003,311,47,30 ml
1004,311,125,10 ml
1005,311,15,10 ml
1006,311,5,10 ml
1007,312,105,30 ml
1008,312,8,60 ml
1009,313,126,20 ml
1010,313,58,20 ml
1011,313,8,80 ml
1012,314,126,20 ml
1013,314,58,20 ml
1014,314,3,80 ml
1015,315,126,20 ml
1016,315,58,20 ml
1017,315,15,80 ml
1018,316,105,30 ml
1019,316,43,90 ml
1020,317,105,30 ml
1021,317,4,90 ml
1022,318,105,30 ml
1023,318,3,90 ml
1024,319,105,30 ml
1025,319,15,90 ml
1026,320,105,45 ml
1027,320,81,Full up (45 ml)
1028,321,105,30 ml
1029,321,107,90 ml
1030,322,105,30 ml
1031,322,104,90 ml
1032,323,105,30 ml
1033,323,95,90 ml
1034,324,105,40 ml
1035,324,33,100 ml
1036,325,126,30 ml
1037,325,125,10 ml
1038,325,28,10 ml
1039,325,15,15 ml
1040,325,116,Full up (60ml)
1041,326,105,30 ml
1042,326,27,90 ml
1043,327,51,30 ml
1044,327,126,20 ml
1045,327,28,10 ml
1046,327,1,Full up (90ml)
1047,328,105,25 ml
1048,328,26,25 ml
1049,328,8,100 ml
1050,329,105,30 ml
1051,329,108,90 ml
1052,330,56,45 ml
1053,330,5,20 ml
1054,330,32,1 tsp.
1055,330,8,Full up (90ml)
1056,331,56,45 ml
1057,331,5,20 ml
1058,331,6,1 tsp.
1059,331,8,Full up (90ml)
1060,332,56,45 ml
1061,332,7,5 ml
1062,332,43,Full up (90ml)
1063,333,56,40 ml
1064,333,3,20 ml
1065,333,21,1/2 tsp.
1066,334,56,30 ml
1067,334,79,15 ml
1068,334,23,15 ml
1069,335,56,30 ml
1070,335,123,90 ml
1071,336,0,30 ml
1072,336,56,15 ml
1073,336,3,15 ml
1074,337,0,30 ml
1075,337,56,15 ml
1076,337,5,15 ml
1077,337,6,5 ml
1078,338,24,30 ml
1079,338,43,Full up (120ml)
1080,339,24,30 ml
1081,339,4,30 ml
1082,339,1,30 ml
1083,340,24,30 ml
1084,340,4,40 ml
1085,340,1,80 ml
1086,341,17,30 ml
1087,341,22,30 ml
1088,341,23,30 ml
1089,342,24,30 ml
1090,342,3,90 ml
1091,343,24,45 ml
1092,343,67,1 cup
1093,344,17,30 ml
1094,344,26,15 ml
1095,344,51,15 ml
1096,344,21,1 dash
1097,345,24,30 ml
1098,345,86,Full up (120ml)
1099,346,17,37 ml
1100,346,15,60 ml
1101,347,17,30 ml
1102,347,27,Full up (90ml)
1103,348,17,45 ml
1104,348,27,90 ml
1105,348,3,30 ml
1106,349,17,20 ml
1107,349,81,40 ml
1108,350,18,20 ml
1109,350,4,30 ml
1110,350,1,Full up (60ml)
1111,351,18,30 ml
1112,351,1,90 ml
1113,352,18,30 ml
1114,352,3,90 ml
1115,353,18,30 ml
1116,353,19,30 ml
1117,354,0,30 ml
1118,354,18,30 ml
1119,354,19,30 ml
1120,355,18,40 ml
1121,355,35,20 ml
1122,356,18,20 ml
1123,356,26,10 ml
1124,356,33,120 ml
1125,357,18,30 ml
1126,357,33,90 ml
1127,358,18,30 ml
1128,358,33,80 ml
1129,358,3,50 ml
1130,359,18,30 ml
1131,359,43,90 ml
1132,360,93,20 ml
1133,360,18,20 ml
1134,360,13,20 ml
1135,361,18,30 ml
1136,361,4,90 ml
1137,362,18,20 ml
1138,362,46,20 ml
1139,362,7,20 ml
1140,362,10,15ml
1141,362,8,Full up (80ml)
1142,363,18,30 ml
1143,363,15,90 ml
1144,364,18,30 ml
1145,364,49,Full up (90ml)
1146,365,0,45 ml
1147,365,18,2 tsp.
1148,365,6,2 tsp.
1149,365,3,15 ml
1150,365,8,Full up (50 ml)
1151,366,127,20 ml
1152,367,0,40 ml
1153,367,127,20 ml
1154,368,127,30 ml
1155,368,104,Full up (90ml)
1156,369,127,30 ml
1157,369,62,適量 (250ml)
1158,370,127,30 ml
1159,370,124,30 ml
1160,371,127,30 ml
1161,371,1,90 ml
1162,372,127,30 ml
1163,372,83,15 ml
1164,373,127,15 ml
1165,373,27,15 ml
1166,373,28,15 ml
1167,374,128,30 ml
1168,374,81,90 ml
1169,375,128,30 ml
1170,375,72,90 ml
1171,376,129,30 ml
1172,376,51,15 ml
1173,376,23,15 ml
1174,377,83,30 ml
1175,377,35,30 ml
1176,378,0,30 ml
1177,378,130,30 ml
1178,379,83,30 ml
1179,379,91,30 ml
1180,379,81,100 ml
1181,380,83,40 ml
1182,380,3,40 ml
1183,380,5,20 ml
1184,380,10,5 ml
1185,381,65,30 ml
1186,381,83,40 ml
1187,381,3,80 ml
1188,381,15,40 ml
1189,381,5,20 ml
1190,381,6,15 ml
1191,382,83,15 ml
1192,382,78,15 ml
1193,382,8,Full up (90ml)
1194,383,128,30 ml
1195,383,60,Full up (90ml)
1196,383,131,適量 (50g)
1197,383,110,適量
1198,384,83,30 ml
1199,384,43,90 ml
1200,385,128,30 ml
1201,385,86,90 ml
1202,386,128,30 ml
1203,386,118,Full up (75ml)
1204,387,77,30 ml
1205,387,83,15 ml
1206,387,132,15 ml
1207,387,5,10 ml
1208,387,32,スノースタイル
1209,387,76,スノースタイル
1210,388,130,15 ml
1211,388,53,5 ml
1212,388,81,90 ml
1213,389,130,15 ml
1214,389,53,5 ml
1215,389,72,90 ml
1216,390,83,30 ml
1217,390,53,15 ml
1218,390,81,90 ml
1219,390,67,3/4 cup
1220,391,128,30 ml
1221,391,27,90 ml
1222,392,83,30 ml
1223,392,116,90 ml
1224,393,29,20 ml
1225,393,83,15 ml
1226,393,8,Full up (90ml)
1227,394,133,20 ml
1228,394,81,40 ml
1229,395,134,30 ml
1230,395,31,10 ml
1231,395,81,60 ml
1232,396,51,30 ml
1233,396,133,30 ml
1234,397,133,45 ml
1235,397,135,15 ml
1236,397,6,5 ml
1237,397,67,1/4 cup
1238,398,133,30 ml
1239,398,31,25 ml
1240,398,23,5 ml
1241,399,64,40 ml
1242,399,133,30 ml
1243,399,61,30 ml
1244,399,15,100 ml
1245,399,67,1/2 cup
1246,400,64,20 ml
1247,400,133,30 ml
1248,400,58,10 ml
1249,400,15,90 ml
1250,401,64,30 ml
1251,401,133,30 ml
1252,401,136,20 ml
1253,401,15,90 ml
1254,401,67,1/2 cup
1255,402,22,25 ml
1256,402,35,25 ml
1257,402,5,10 ml
1258,402,6,1 dash
1259,403,22,30 ml
1260,403,81,30 ml
1261,403,23,30 ml
1262,404,22,45 ml
1263,404,81,Full up (90ml)
1264,405,22,45 ml
1265,405,23,15 ml
1266,406,22,45 ml
1267,406,23,15 ml
1268,407,22,20 ml
1269,407,56,20 ml
1270,407,23,20 ml
1271,408,22,15 ml
1272,408,16,15 ml
1273,408,23,30 ml
1274,409,88,15 ml
1275,409,57,150 ml
1276,410,51,15 ml
1277,410,88,15 ml
1278,410,60,100 ml
1279,410,110,15 ml
1280,410,97,少量
1281,411,22,10 ml
1282,411,17,10 ml
1283,411,111,20 ml
1284,411,76,適量
1285,412,35,20 ml
1286,412,65,20 ml
1287,412,22,20 ml
1288,413,22,45 ml
1289,413,5,20 ml
1290,413,10,1 tsp
1291,413,8,Full up (90ml)
1292,414,64,30 ml
1293,414,88,15 ml
1294,414,23,15 ml
1295,415,79,10 ml
1296,415,31,10 ml
1297,415,23,10 ml
1298,416,79,15 ml
1299,416,17,15 ml
1300,416,23,30 ml
1301,417,79,20 ml
1302,417,112,20 ml
1303,417,23,20 ml
1304,418,79,30 ml
1305,418,81,60 ml
1306,419,79,30 ml
1307,419,126,30 ml
1308,420,79,30 ml
1309,420,31,15 ml
1310,420,67,1/2 cup
1311,421,34,45 ml
1312,421,5,10 ml
1313,421,1,Full up (90ml)
1314,422,137,45 ml
1315,422,1,90 ml
1316,423,34,40 ml
1317,423,5,20 ml
1318,423,10,1/2 tsp.
1319,424,34,30 ml
1320,424,15,30 ml
1321,424,5,10 ml
1322,424,8,50 ml
1323,425,34,20 ml
1324,425,51,20 ml
1325,425,22,20 ml
1326,426,35,20 ml
1327,426,34,20 ml
1328,426,3,20 ml
1329,427,64,60 ml
1330,427,138,15 ml
1331,427,4,40 ml
1332,427,7,15 ml
1333,428,51,60 ml
1334,428,139,2 dashes
1335,428,9,2 dashes
1336,428,15,1 tsp.
1337,429,0,20 ml
1338,429,13,20 ml
1339,429,4,20 ml
1340,429,139,1 tsp.
1341,430,64,30 ml
1342,430,15,30 ml
1343,430,139,3 ml
1344,430,6,5 ml
1345,431,51,45 ml
1346,431,139,15 ml
1347,431,5,5 ml
1348,432,0,45 ml
1349,432,5,15 ml
1350,432,139,1 tsp.
1351,433,139,30 ml
1352,433,8,90 ml
1353,434,0,40 ml
1354,434,139,10 ml
1355,434,5,10 ml
1356,434,21,2 dashes
1357,435,51,30 ml
1358,435,47,10 ml
1359,435,139,10 ml
1360,435,5,10 ml
1361,435,32,スノースタイル
1362,436,0,25 ml
1363,436,139,15 ml
1364,436,14,5 ml
1365,436,5,15 ml
1366,437,0,45 ml
1367,437,139,15 ml
1368,437,5,30 ml
1369,437,10,1 tsp.
1370,437,8,Full up (90ml)
1371,438,0,40 ml
1372,438,139,15 ml
1373,438,3,1 tsp.
1374,438,7,1 tsp.
1375,438,11,1/2 個
1376,439,35,40 ml
1377,439,2,10 ml
1378,439,139,10 ml
1379,440,139,60 ml
1380,440,1,120 ml
1381,441,0,40 ml
1382,441,139,20 ml
1383,441,5,1 tsp.
1384,442,0,50 ml
1385,442,34,10 ml
1386,442,140,10 ml
1387,442,139,10 ml
1388,443,139,45 ml
1389,443,27,Full up (90ml)
1390,444,106,30 ml
1391,444,2,20 ml
1392,444,15,15 ml
1393,444,5,1 tsp.
1394,444,23,15 ml
1395,445,106,45 ml
1396,445,35,15 ml
1397,445,16,15 ml
1398,445,15,75 ml
1399,445,5,30 ml
1400,446,106,30 ml
1401,446,103,30 ml
1402,446,15,90 ml
1403,446,23,30 ml
1404,447,106,30 ml
1405,447,116,90 ml
1406,448,106,30 ml
1407,448,91,30 ml
1408,448,8,Full up (90ml)
1409,449,106,40 ml
1410,449,35,20 ml
1411,449,3,80 ml
1412,450,106,40 ml
1413,450,35,20 ml
1414,450,15,80 ml
1415,451,106,40 ml
1416,451,35,20 ml
1417,451,4,80 ml
1418,452,106,30 ml
1419,452,4,60 ml
1420,452,1,60 ml
1421,453,106,30 ml
1422,453,3,90 ml
1423,454,106,20 ml
1424,454,103,20 ml
1425,454,15,20 ml
1426,455,106,30 ml
1427,455,7,15 ml
1428,455,43,Full up (90ml)
1429,456,141,30 ml
1430,456,4,90 ml
1431,457,141,30 ml
1432,457,53,20 ml
1433,457,81,100 ml
1434,458,141,50 ml
1435,458,51,10 ml
1436,458,81,50 ml
1437,459,141,45 ml
1438,459,7,10 ml
1439,459,8,Full up (90ml)
1440,460,141,30 ml
1441,460,35,15 ml
1442,460,15,15 ml
1443,460,5,1 tsp.
1444,461,55,30 ml
1445,461,28,15 ml
1446,461,91,15 ml
1447,461,90,60 ml
1448,462,141,30 ml
1449,462,5,15 ml
1450,462,10,1 tsp.
1451,462,8,Full up (60ml)
1452,463,55,35 ml
1453,463,44,12 ml
1454,463,5,10 ml
1455,463,1,50 ml
1456,464,0,30 ml
1457,464,55,15 ml
1458,464,7,15 ml
1459,464,43,120 ml
1460,465,55,30 ml
1461,465,1,Full up (90ml)
1462,466,66,30 ml
1463,466,7,10 ml
1464,467,66,40 ml
1465,467,3,20 ml
1466,467,5,2 tsp.
1467,467,6,1 tsp.
1468,468,66,30 ml
1469,468,27,20 ml
1470,468,5,10 ml
1471,469,66,40 ml
1472,469,24,20 ml
1473,470,66,30 ml
1474,470,3,90 ml
1475,471,66,45 ml
1476,471,19,15 ml
1477,471,9,1 dash
1478,472,66,30 ml
1479,472,85,15 ml
1480,472,8,Full up (90ml)
1481,473,66,30 ml
1482,473,27,90 ml
1483,474,54,30 ml
1484,474,3,Full up (90ml)
1485,475,54,45 ml
1486,475,5,15 ml
1487,475,15,90 ml
1488,476,54,30 ml
1489,476,4,Full up (90ml)
1490,477,54,30 ml
1491,477,15,Full up (90ml)
1492,478,125,20 ml
1493,478,114,20 ml
1494,478,3,60 ml
1495,479,35,15 ml
1496,479,54,15 ml
1497,479,3,60 ml
1498,479,15,60 ml
1499,480,54,30 ml
1500,480,4,45 ml
1501,480,1,55 ml
1502,481,54,45 ml
1503,481,142,30 ml
1504,481,3,75 ml
1505,481,11,1 個
1506,482,35,20 ml
1507,482,54,20 ml
1508,482,116,Full up (90ml)
1509,483,54,30 ml
1510,483,4,90 ml
1511,484,35,20 ml
1512,484,54,20 ml
1513,484,4,40 ml
1514,485,64,20 ml
1515,485,54,20 ml
1516,485,7,20 ml
1517,486,54,30 ml
1518,486,52,Full up (90ml)
1519,487,54,30 ml
1520,487,43,Full up (90ml)
1521,488,54,20 ml
1522,488,17,15 ml
1523,488,44,5 ml
1524,488,15,20 ml
1525,488,6,1 tsp.
1526,489,125,30 ml
1527,489,35,10 ml
1528,489,2,10 ml
1529,489,5,10 ml
1530,490,125,30 ml
1531,490,4,45 ml
1532,490,3,45 ml
1533,491,54,30 ml
1534,491,116,Full up (90ml)
1535,492,54,30 ml
1536,492,104,Full up (90ml)
1537,493,54,45 ml
1538,493,5,30 ml
1539,493,117,75 ml
1540,493,59,スノースタイル
1541,494,54,30 ml
1542,494,1,Full up (90ml)
1543,495,143,40 ml
1544,495,19,20 ml
1545,495,21,1 dash
1546,496,143,15 ml
1547,496,56,15 ml
1548,496,64,15 ml
1549,496,7,15 ml
1550,496,6,1 dash
1551,497,143,30 ml
1552,497,14,30 ml
1553,497,5,1 tsp.
1554,498,143,20 ml
1555,498,56,20 ml
1556,498,5,20 ml
1557,499,143,30 ml
1558,499,13,15 ml
1559,499,19,15 ml
1560,500,143,60 ml
1561,500,9,1 dash
1562,500,21,1 dash
1563,501,143,45 ml
1564,501,5,20 ml
1565,501,10,1 tsp.
1566,502,143,45 ml
1567,502,5,15 ml
1568,502,10,5 ml
1569,502,8,Full up (90 ml)
1570,503,77,30 ml
1571,503,143,15 ml
1572,503,5,15 ml
1573,504,31,20 ml
1574,504,79,20 ml
1575,504,23,20 ml
1576,505,31,20 ml
1577,505,91,20 ml
1578,505,8,90 ml
1579,506,31,15 ml
1580,506,116,90 ml
1581,507,6,15 ml
1582,507,31,15 ml
1583,508,6,10 ml
1584,508,31,10 ml
1585,508,64,10 ml
1586,509,6,10 ml
1587,509,31,10 ml
1588,509,122,10 ml
1589,510,31,15 ml
1590,510,122,15 ml
1591,510,132,15 ml
1592,511,6,15 ml
1593,511,31,15 ml
1594,511,20,15 ml
1595,512,51,40 ml
1596,512,31,20 ml
1597,513,101,30 ml
1598,513,81,90 ml
1599,514,101,30 ml
1600,514,72,90 ml
1601,515,101,30 ml
1602,515,55,20 ml
1603,515,5,10 ml
1604,515,43,Full up (120ml)
1605,516,144,30 ml
1606,516,51,10 ml
1607,516,23,20 ml
1608,517,101,30 ml
1609,517,4,90 ml
1610,518,101,30 ml
1611,518,104,90 ml
1612,519,101,30 ml
1613,519,8,70 ml
1614,520,101,30 ml
1615,520,86,90 ml
1616,521,101,20 ml
1617,521,4,30 ml
1618,521,1,Full up (90ml)
1619,522,101,40 ml
1620,522,5,10 ml
1621,522,52,45 ml
1622,523,122,45ml
1623,523,81,適量 (90ml)
1624,524,122,60ml
1625,525,122,30 ml
1626,525,58,15 ml
1627,525,79,15 ml
1628,525,145,1 本
1629,525,67,1/2 cup
1630,526,122,20 ml
1631,526,53,20 ml
1632,526,20,20 ml
1633,527,122,45 ml
1634,527,118,45 ml
1635,528,53,20 ml
1636,528,122,20 ml
1637,528,132,20 ml
1638,529,31,15 ml
1639,529,53,15 ml
1640,529,122,15 ml
1641,530,122,45 ml
1642,530,86,Full up (90ml)
1643,531,122,45 ml
1644,531,146,Full up (90ml)
1645,532,14,45 ml
1646,532,5,10 ml
1647,532,10,1 tsp.
1648,532,8,Full up (90ml)
1649,533,14,15 ml
1650,533,16,15 ml
1651,533,99,Full up (90 ml)
1652,534,14,30 ml
1653,534,35,15 ml
1654,534,15,15 ml
1655,534,5,1 tsp.
1656,535,14,30 ml
1657,535,121,60 ml
1658,535,1,30 ml
1659,536,6,15 ml
1660,536,14,15 ml
1661,536,16,15 ml
1662,536,23,15 ml
1663,537,35,40 ml
1664,537,14,20 ml
1665,537,2,1 tsp.
1666,537,5,1 tsp.
1667,538,14,20 ml
1668,538,121,40 ml
1669,539,0,40 ml
1670,539,14,20 ml
1671,540,147,60 ml
1672,541,147,30 ml
1673,541,99,90 ml
1674,542,147,30 ml
1675,542,3,90 ml
1676,543,147,45 ml
1677,543,3,90 ml
1678,543,6,1 tsp.
1679,544,147,30 ml
1680,544,52,90 ml
1681,545,147,30 ml
1682,545,4,90 ml
1683,546,147,45 ml
1684,546,35,20 ml
1685,546,2,15 ml
1686,546,4,45 ml
1687,546,15,30 ml
1688,547,147,45 ml
1689,547,4,45 ml
1690,547,1,60 ml
1691,548,147,30 ml
1692,548,1,90 ml
1693,549,147,30 ml
1694,549,104,90 ml
1695,550,147,30 ml
1696,550,43,90 ml
1697,551,64,30 ml
1698,551,147,20 ml
1699,551,7,10 ml
1700,551,2,1 dash
1701,551,32,1 dash
1702,552,147,30 ml
1703,552,107,30 ml
1704,552,10,10 ml
1705,552,9,2 dashes
1706,553,147,30 ml
1707,553,123,30 ml
1708,553,10,10 ml
1709,553,9,2 dash
1710,554,147,45 ml
1711,554,148,45 ml
1712,554,10,10 ml
1713,554,43,60 ml
1714,555,147,30 ml
1715,555,91,15 ml
1716,555,90,60 ml
1717,556,147,60 ml
1718,556,8,60 ml
1719,557,147,45 ml
1720,557,121,45 ml
1721,557,149,5 ml
1722,557,8,45 ml
1723,558,147,45 ml
1724,558,2,5 ml
1725,558,138,10 ml
1726,558,8,Full up (90ml)
1727,559,92,20 ml
1728,559,79,20 ml
1729,559,23,20 ml
1730,560,35,45 ml
1731,560,3,Full up (90ml)
1732,560,92,2 tsp.
1733,561,77,30 ml
1734,561,31,15 ml
1735,561,92,10 ml
1736,561,15,90 ml
1737,562,92,20 ml
1738,562,149,20 ml
1739,562,23,20 ml
1740,562,2,10 ml
1741,563,92,15 ml
1742,563,39,15 ml
1743,563,23,15 ml
1744,563,3,15 ml
1745,564,35,30 ml
1746,564,92,10 ml
1747,564,66,10 ml
1748,564,3,45 ml
1749,564,15,45 ml
1750,565,92,20 ml
1751,565,112,20 ml
1752,565,23,20 ml
1753,566,92,30 ml
1754,566,3,Full up (90ml)
1755,567,82,30 ml
1756,567,125,20 ml
1757,567,3,10 ml
1758,567,92,1 tsp.
1759,568,35,30 ml
1760,568,79,20 ml
1761,568,92,15 ml
1762,568,6,2 tsp.
1763,568,81,60 ml
1764,569,92,30 ml
1765,569,8,Full up (90ml)
1766,570,77,20 ml
1767,570,92,10 ml
1768,570,150,10 ml
1769,570,23,10 ml
1770,570,6,1 dash
1771,570,5,1 dash
1772,571,0,20 ml
1773,571,92,10 ml
1774,571,151,10 ml
1775,571,4,10 ml
1776,572,64,20 ml
1777,572,28,15 ml
1778,572,4,20 ml
1779,572,5,5 ml
1780,572,92,1 tsp.
1781,573,64,45 ml
1782,573,92,10 ml
1783,573,4,30 ml
1784,573,1,Full up (90ml)
1785,574,89,50 ml
1786,574,92,20 ml
1787,574,39,10 ml
1788,574,20,2 dash
1789,575,35,30 ml
1790,575,92,15 ml
1791,575,36,15 ml
1792,576,92,20 ml
1793,576,57,100 ml
1794,576,110,20 ml
1795,577,64,30 ml
1796,577,92,10 ml
1797,577,16,10 ml
1798,577,3,30 ml
1799,578,0,20 ml
1800,578,92,20 ml
1801,578,5,20 ml
1802,579,65,30 ml
1803,579,92,20 ml
1804,579,15,40 ml
1805,579,7,2 dashes
1806,579,10,2 dashes
1807,579,99,Full up (60ml)
1808,580,92,30 ml
1809,580,16,20 ml
1810,580,3,20 ml
1811,580,23,20 ml
1812,581,77,45 ml
1813,581,3,Full up (90ml)
1814,581,92,2 tsp.
1815,582,77,45 ml
1816,582,150,15 ml
1817,583,112,20 ml
1818,583,150,20 ml
1819,583,23,20 ml
1820,584,35,30 ml
1821,584,150,15 ml
1822,584,3,Full up (90ml)
1823,585,82,40 ml
1824,585,150,10 ml
1825,585,5,1 tsp.
1826,585,3,1 tsp.
1827,586,51,30 ml
1828,586,150,15 ml
1829,586,15,90 ml
1830,586,3,90 ml
1831,587,77,30 ml
1832,587,150,30 ml
1833,587,2,1 tsp.
1834,588,151,20 ml
1835,588,79,20 ml
1836,588,23,20 ml
1837,589,130,30 ml
1838,589,151,20 ml
1839,589,16,10 ml
1840,589,23,20 ml
1841,590,51,30 ml
1842,590,151,30 ml
1843,591,65,30 ml
1844,591,56,15 ml
1845,591,151,15 ml
1846,591,3,60 ml
1847,591,5,30 ml
1848,591,32,1 tsp.
1849,592,151,45 ml
1850,592,5,15 ml
1851,592,32,1 tsp.
1852,592,8,Full up (90 ml)
1853,593,68,30 ml
1854,593,151,15 ml
1855,593,15,15 ml
1856,593,6,10 ml
1857,594,151,15 ml
1858,594,3,15 ml
1859,594,1,Full up (60ml)
1860,595,151,30 ml
1861,595,81,Full up (90ml)
1862,596,0,30 ml
1863,596,151,15 ml
1864,596,23,15 ml
1865,597,0,20 ml
1866,597,149,15 ml
1867,597,151,15 ml
1868,597,5,10 ml
1869,598,151,45 ml
1870,598,3,90 ml
1871,599,35,20 ml
1872,599,13,20 ml
1873,599,34,20 ml
1874,599,18,2 dashes
1875,599,151,2 dashes
1876,600,151,30 ml
1877,600,118,90 ml
1878,601,151,20 ml
1879,601,79,10 ml
1880,601,23,20 ml
1881,602,151,30 ml
1882,602,53,10 ml
1883,602,60,40 ml
1884,602,81,120 ml
1885,603,151,45 ml
1886,603,1,Full up (90ml)
1887,604,151,30 ml
1888,604,81,100 ml
1889,604,23,5 ml
1890,605,35,20 ml
1891,605,79,20 ml
1892,605,151,10 ml
1893,605,20,1 tsp.
1894,605,23,10 ml
1895,606,64,10 ml
1896,606,152,10 ml
1897,606,126,20 ml
1898,606,2,10 ml
1899,606,15,20 ml
1900,607,64,20 ml
1901,607,152,20 ml
1902,607,3,20 ml
1903,607,67,1/3 cup
1904,608,35,20 ml
1905,608,152,15 ml
1906,608,28,15 ml
1907,608,5,10 ml
1908,608,6,5 ml
1909,609,152,45 ml
1910,609,81,Full up (90ml)
1911,610,152,30 ml
1912,610,15,Full up (90ml)
1913,611,16,30 ml
1914,611,0,20 ml
1915,611,152,20 ml
1916,611,7,20 ml
1917,611,58,1 tsp.
1918,611,10,1 tsp.
1919,612,152,30 ml
1920,612,3,Full up (90ml)
1921,613,35,15 ml
1922,613,152,20 ml
1923,613,31,10 ml
1924,613,23,15 ml
1925,614,0,30 ml
1926,614,153,30 ml
1927,614,5,30 ml
1928,614,10,15 ml
1929,614,8,Full up (90ml)
1930,615,153,30 ml
1931,615,8,90 ml
1932,616,153,30 ml
1933,616,91,20 ml
1934,616,8,80 ml
1935,617,153,50 ml
1936,617,7,25 ml
1937,617,10,10 ml
1938,618,153,30 ml
1939,618,52,Full up (90ml)
1940,619,153,60 ml
1941,619,1,120 ml
1942,620,135,30 ml
1943,620,81,90 ml
1944,621,103,45 ml
1945,621,135,10 ml
1946,621,15,45 ml
1947,621,81,45 ml
1948,622,135,30 ml
1949,622,5,20 ml
1950,622,8,90 ml
1951,623,135,30 ml
1952,623,8,90 ml
1953,624,35,30 ml
1954,624,135,30 ml
1955,624,4,30 ml
1956,624,6,2 tsp.
1957,624,5,2 tsp.
1958,625,35,30 ml
1959,625,135,30 ml
1960,626,94,10 ml
1961,626,47,5 ml
1962,626,135,5 ml
1963,626,122,15 ml
1964,626,130,5 ml
1965,626,154,2 個
1966,626,67,1/3 cup
1967,627,135,30 ml
1968,627,35,10 ml
1969,627,16,10 ml
1970,627,5,10 ml
1971,628,135,30 ml
1972,628,148,90 ml
1973,629,0,30 ml
1974,629,17,15 ml
1975,629,135,15 ml
1976,629,3,Full up (60ml)
1977,630,0,45 ml
1978,630,135,45 ml
1979,630,15,45 ml
1980,630,61,60 ml
1981,630,67,2/3 cup
1982,631,105,30 ml
1983,631,135,20 ml
1984,631,81,100 ml
1985,632,66,20 ml
1986,632,135,20 ml
1987,632,67,1/3 cup
1988,633,135,30 ml
1989,633,104,90 ml
1990,634,135,30 ml
1991,634,72,90 ml
1992,635,0,30 ml
1993,635,135,15 ml
1994,635,7,15 ml
1995,635,43,120 ml
1996,636,77,30 ml
1997,636,135,15 ml
1998,636,5,15 ml
1999,636,67,1/4 cup
2000,636,59,スノースタイル
2001,637,82,40 ml
2002,637,13,10 ml
2003,637,135,10 ml
2004,638,135,20 ml
2005,638,79,20 ml
2006,638,23,20 ml
2007,639,135,30 ml
2008,639,88,15 ml
2009,639,81,45 ml
2010,640,35,45 ml
2011,640,5,20 ml
2012,640,23,15 ml
2013,640,135,10 ml
2014,640,10,15 ml
2015,641,64,45 ml
2016,641,135,30 ml
2017,641,16,10 ml
2018,641,7,30 ml
2019,642,94,30 ml
2020,642,58,5 ml
2021,642,135,5 ml
2022,642,6,5 ml
2023,642,23,5 ml
2024,643,35,20 ml
2025,643,17,20 ml
2026,643,135,10 ml
2027,643,6,10 ml
2028,643,118,60 ml
2029,644,135,20 ml
2030,644,79,20 ml
2031,644,23,20 ml
2032,645,0,30 ml
2033,645,135,10 ml
2034,645,151,10 ml
2035,645,23,10 ml
2036,646,0,30 ml
2037,646,135,15 ml
2038,646,15,30 ml
2039,646,5,15 ml
2040,646,6,2 drops
2041,647,155,30 ml
2042,647,69,1 個
2043,647,90,Full up (150ml)
2044,648,155,30 ml
2045,648,4,Full up (120ml)
2046,649,155,20 ml
2047,649,0,20 ml
2048,649,82,20 ml
2049,650,155,30 ml
2050,650,43,Full up (120ml)
2051,651,155,30 ml
2052,651,52,Full up (120ml)
2053,652,155,20 ml
2054,652,31,10 ml
2055,652,79,15 ml
2056,652,23,15 ml
2057,653,155,30 ml
2058,653,8,Full up (120ml)
2059,654,155,40 ml
2060,654,99,60 ml
2061,655,155,30 ml
2062,655,124,Full up (180ml)
2063,656,155,40 ml
2064,656,0,20 ml
2065,656,75,1 dash
2066,656,21,1 dash
2067,656,10,1 dash
2068,657,155,30 ml
2069,657,10,2 dash
2070,657,8,Full up (120ml)
2071,658,155,30 ml
2072,658,69,1 個
2073,658,90,Full up (150ml)
2074,659,155,30 ml
2075,659,90,Full up (150ml)
2076,660,0,40 ml
2077,660,13,20 ml
2078,660,155,1 tsp.
2079,660,6,1 dash
2080,661,155,30 ml
2081,661,1,Full up (120 ml)
2082,662,155,20 ml
2083,662,0,20 ml
2084,662,1,Full up (100ml))
2085,663,64,45 ml
2086,663,155,3 dashes
2087,663,6,15 ml
2088,663,5,1 tsp.
2089,663,8,Full up (90ml)
2090,664,156,30 ml
2091,664,81,60 ml
2092,665,156,45 ml
2093,665,7,1 tsp.
2094,665,116,Full up (90ml)
2095,666,156,30 ml
2096,666,43,90 ml
2097,667,156,20 ml
2098,667,31,10 ml
2099,667,81,30 ml
2100,668,35,30 ml
2101,668,156,20 ml
2102,668,92,1 tsp.
2103,668,5,10 ml
2104,668,3,1 tsp.
2105,668,116,Full up (90ml)
2106,669,156,30 ml
2107,669,103,15 ml
2108,669,66,1 dash
2109,669,15,60 ml
2110,670,51,20 ml
2111,670,17,20 ml
2112,670,156,20 ml
2113,670,5,5 ml
2114,671,156,60 ml
2115,671,124,140 ml
2116,672,156,30 ml
2117,672,52,90 ml
2118,673,64,20 ml
2119,673,156,20 ml
2120,673,112,20 ml
2121,673,6,1 dash
2122,673,97,少量
2123,674,156,15 ml
2124,674,7,15 ml
2125,674,15,30 ml
2126,675,129,30 ml
2127,675,156,30ml
2128,676,156,45 ml
2129,676,34,20 ml
2130,676,8,Full up (90ml)
2131,677,156,30 ml
2132,677,7,15 ml
2133,677,43,Full up (90ml)
2134,678,51,20 ml
2135,678,92,15 ml
2136,678,156,15 ml
2137,678,23,10 ml
2138,679,156,30 ml
2139,679,81,15 ml
2140,679,23,15 ml
2141,679,157,1 dash
2142,679,112,10 ml
2143,680,156,30 ml
2144,680,81,60 ml
2145,680,107,Full up (60ml)
2146,681,149,20 ml
2147,681,58,15 ml
2148,681,156,10 ml
2149,681,2,1 tsp.
2150,681,3,2 tsp.
2151,682,22,15 ml
2152,682,156,15 ml
2153,682,158,15 ml
2154,683,0,45 ml
2155,683,156,45 ml
2156,683,140,30 ml
2157,683,3,30 ml
2158,683,8,Full up (60ml)
2159,684,156,30 ml
2160,684,79,30 ml
2161,684,116,Full up (60ml)
2162,685,64,30 ml
2163,685,156,30 ml
2164,685,23,10 ml
2165,686,77,20 ml
2166,686,58,20 ml
2167,686,156,20 ml
2168,686,5,1 tsp.
2169,686,76,スノースタイル
2170,686,159,スノースタイル
2171,687,160,60 ml
2172,688,160,45 ml
2173,688,8,Full up (90ml)
2174,689,160,45 ml
2175,689,82,15 ml
2176,689,8,Full up (90ml)
2177,690,160,45 ml
2178,690,101,15 ml
2179,690,104,45 ml
2180,690,5,1 tsp.
2181,691,160,45 ml
2182,691,104,45 ml
2183,692,160,45 ml
2184,692,3,45 ml
2185,693,147,30 ml
2186,693,160,15 ml
2187,693,8,135 ml
2188,694,160,45 ml
2189,694,51,15 ml
2190,694,3,45 ml
2191,695,160,45 ml
2192,695,108,45 ml
2193,696,160,45 ml
2194,696,7,1 tsp.
2195,696,43,Full up (90ml)
2196,697,160,45 ml
2197,697,1,Full up (90ml)
2198,698,160,45 ml
2199,698,5,15 ml
2200,698,43,Full up (90ml)
2201,699,161,45 ml
2202,699,81,Full up (90ml)
2203,700,161,30 ml
2204,700,1,Full up (90ml)
2205,701,161,45 ml
2206,701,3,Full up (90ml)
2207,702,161,60 ml
2208,703,35,30 ml
2209,703,161,15 ml
2210,703,112,5 ml
2211,703,23,10 ml
2212,703,76,スノースタイル
2213,704,161,30ml
2214,704,79,15 ml
2215,704,23,15 ml
2216,704,15,2 tsp.
2217,705,64,30 ml
2218,705,161,20 ml
2219,705,2,10 ml
2220,705,5,1 tsp.
2221,706,112,30 ml
2222,706,162,2 dashes
2223,706,10,2 tsp.
2224,706,60,120 ml
2225,706,157,1 dash
2226,707,82,30 ml
2227,707,112,10 ml
2228,707,161,10 ml
2229,707,60,10 ml
2230,707,76,スノースタイル
2231,708,112,30 ml
2232,708,122,20 ml
2233,708,161,10 ml
2234,709,82,30 ml
2235,709,163,30 ml
2236,710,35,30 ml
2237,710,163,30 ml
2238,711,29,45 ml
2239,711,163,15 ml
2240,711,21,2 dashes
2241,712,163,30 ml
2242,712,1,Full up (90 ml)
2243,713,163,60 ml
2244,714,163,30 ml
2245,714,164,60 ml
2246,714,8,Full up (90ml)
2247,715,163,30 ml
2248,715,43,Full up (90ml)
2249,716,163,30 ml
2250,716,52,Full up (90ml)
2251,717,165,60 ml
2252,717,166,1 個
2253,717,23,15 ml
2254,718,165,20 ml
2255,718,39,10 ml
2256,718,23,20 ml
2257,719,165,30 ml
2258,719,1,Full up (90ml)
2259,720,165,30 ml
2260,720,17,10 ml
2261,720,92,5 ml
2262,720,23,15 ml
2263,720,6,1 tsp.
2264,721,165,30 ml
2265,721,43,Full up (90ml)
2266,722,165,30 ml
2267,722,23,15 ml
2268,723,165,30 ml
2269,723,52,Full up (90ml)
2270,724,165,30 ml
2271,724,57,150 ml
2272,724,10,2 tsp.
2273,724,23,15 ml
2274,725,30,30 ml
2275,725,165,10 ml
2276,725,47,5 ml
2277,725,5,15 ml
2278,726,0,20 ml
2279,726,139,20 ml
2280,726,165,20 ml
2281,727,167,30 ml
2282,727,168,40 ml
2283,727,169,1 個
2284,728,167,30 ml
2285,728,168,120 ml
2286,729,167,30 ml
2287,729,85,15 ml
2288,730,167,30 ml
2289,730,77,30 ml
2290,730,170,1 tsp.
2291,731,167,10 ml
2292,731,155,10 ml
2293,731,90,10 ml
2294,731,169,1 個
2295,732,121,100 ml
2296,732,78,20 ml
2297,733,121,90 ml
2298,733,3,30 ml
2299,733,16,10 ml
2300,733,6,10 ml
2301,734,121,80 ml
2302,734,28,15 ml
2303,734,6,1 drop
2304,734,10,2 tsp.
2305,735,121,45 ml
2306,735,55,15 ml
2307,736,142,90 ml
2308,736,52,90 ml
2309,737,142,90 ml
2310,737,43,90 ml
2311,738,171,130 ml
2312,738,3,15 ml
2313,738,5,10 ml
2314,738,32,1 tsp.
2315,739,142,60 ml
2316,739,78,10 ml
2317,740,142,40 ml
2318,740,33,80 ml
2319,740,73,1 tsp
2320,741,142,30 ml
2321,741,91,15 ml
2322,741,90,60 ml
2323,742,142,60 ml
2324,742,24,30 ml
2325,742,43,30 ml
2326,743,172,45 ml
2327,743,51,10 ml
2328,743,10,10 ml
2329,743,48,1 個
2330,744,51,20 ml
2331,744,13,15 ml
2332,744,3,15 ml
2333,744,6,10 ml
2334,744,20,1 dash
2335,744,172,1 tsp.
2336,745,172,45 ml
2337,745,51,15 ml
2338,745,47,2 dashes
2339,745,32,1 tsp.
2340,745,48,1 個
2341,746,172,50 ml
2342,746,5,20 ml
2343,746,10,15 ml
2344,746,8,Full up (90ml)
2345,747,173,60 ml
2346,747,174,90 ml
2347,747,8,Full up (45ml)
2348,748,173,60 ml
2349,748,140,10 ml
2350,748,27,60 ml
2351,749,51,30 ml
2352,749,175,30ml
2353,749,9,2 dashes
2354,749,5,1 dash
2355,750,0,20 ml
2356,750,175,20 ml
2357,750,34,10 ml
2358,750,3,10 ml
2359,751,175,90 ml
2360,751,10,1 tsp.
2361,751,8,Full up (90ml)
2362,751,97,適量
2363,752,175,30 ml
2364,752,13,30 ml
2365,752,5,2 dash
2366,753,82,30 ml
2367,753,13,10 ml
2368,753,175,10 ml
2369,753,21,1 dash
2370,754,176,90 ml
2371,754,1,90 ml
2372,755,176,60 ml
2373,755,15,90 ml
2374,756,176,40 ml
2375,756,13,20 ml
2376,756,5,1 dash
2377,757,177,30 ml
2378,757,55,12 ml
2379,757,16,12 ml
2380,757,7,6 ml
2381,758,177,60 ml
2382,758,77,40 ml
2383,758,10,1 tsp.
2384,758,5,1 tsp.
2385,758,59,ひとつまみ
2386,759,177,90 ml
2387,759,3,30 ml
2388,759,47,10 ml
2389,759,6,10 ml
2390,760,177,45 ml
2391,760,5,15 ml
2392,760,32,1 tsp.
2393,761,177,90 ml
2394,761,1,90 ml
2395,762,99,100 ml
2396,762,78,20 ml
2397,763,141,30 ml
2398,763,99,120 ml
2399,764,178,60 ml
2400,764,174,30 ml
2401,764,6,1 tsp.
2402,765,178,120 ml
2403,765,179,10 ml
2404,765,6,1 tsp.
2405,766,178,90 ml
2406,766,14,10 ml
2407,766,4,20 ml
2408,767,160,30 ml
2409,767,99,60 ml
2410,768,45,60 ml
2411,769,45,60 ml
2412,769,8,少量 (15ml)
2413,770,46,30 ml
2414,770,45,30 ml
2415,771,46,40 ml
2416,771,78,30 ml
2417,771,8,Full up (90ml)
2418,772,13,40 ml
2419,772,93,20 ml
2420,772,21,2 dashes
2421,773,13,45 ml
2422,773,43,Full up (135ml)
2423,774,124,120 ml
2424,774,3,120 ml
2425,775,124,180 ml
2426,775,26,45 ml
2427,776,125,30 ml
2428,776,4,30 ml
2429,776,124,120 ml
2430,777,31,15 ml
2431,777,124,105ml
2432,778,0,45 ml
2433,778,124,90 ml
2434,779,55,30 ml
2435,779,124,190 ml
2436,780,55,30 ml
2437,780,78,15 ml
2438,780,124,190 ml
2439,781,124,120 ml
2440,781,33,120 ml
2441,782,124,120 ml
2442,782,95,120 ml
2443,783,124,120 ml
2444,783,116,120 ml
2445,784,124,100 ml
2446,784,5,30 ml
2447,784,10,10 ml
2448,784,8,60 ml
2449,785,180,120 ml
2450,785,116,60 ml
2451,785,6,1/4 tsp.
2452,786,180,120 ml
2453,786,5,15 ml
2454,786,10,5 ml
2455,786,8,40 ml
2456,786,6,1/4 tsp.
2457,787,31,20 ml
2458,787,16,10 ml
2459,787,124,180 ml
2460,788,28,60 ml
2461,788,124,120 ml
2462,789,181,120 ml
2463,789,60,120 ml
2464,790,181,120 ml
2465,790,81,60 ml
2466,790,10,10 ml
2467,791,181,120 ml
2468,791,99,120 ml
2469,792,124,120 ml
2470,792,117,120 ml
2471,793,124,60 ml
2472,793,182,60 ml
2473,794,138,30 ml
2474,794,2,15 ml
2475,794,124,180 ml
2476,795,124,120 ml
2477,795,43,120 ml
2478,796,124,70 ml
2479,796,142,60 ml
2480,796,43,70 ml
2481,797,80,60 ml
2482,797,124,120 ml
2483,798,183,45 ml
2484,798,7,15 ml
2485,798,5,1 tsp.
2486,799,183,60 ml
2487,799,7,10 ml
2488,800,183,60 ml
2489,800,8,60 ml
2490,801,183,30 ml
2491,801,39,10 ml
2492,801,2,10 ml
2493,801,4,40 ml
2494,802,184,30 ml
2495,802,2,20 ml
2496,802,7,10 ml
2497,803,183,40 ml
2498,803,2,10 ml
2499,803,5,5 ml
2500,804,183,50 ml
2501,804,16,30 ml
2502,804,5,10 ml
2503,804,1,Full up (50ml)
2504,804,2,1 tsp.
2505,805,0,45 ml
2506,805,183,15 ml
2507,806,183,40 ml
2508,806,112,20 ml
2509,807,183,30 ml
2510,807,2,15 ml
2511,807,5,15 ml
2512,807,7,2 tsp.
2513,808,185,80 ml
2514,808,26,30 ml
2515,808,8,100 ml
2516,809,183,40 ml
2517,809,148,60 ml
2518,810,183,50 ml
2519,810,2,20 ml
2520,810,186,120 ml
2521,811,183,60 ml
2522,811,52,60 ml
2523,812,185,45 ml
2524,812,7,15 ml
2525,812,32,1 tsp.
2526,812,67,1 cup
2527,813,183,30 ml
2528,813,22,15 ml
2529,813,23,15 ml
2530,814,185,60 ml
2531,814,0,20 ml
2532,814,23,15 ml
2533,814,10,2 tsp.
2534,814,8,40 ml
2535,815,183,60 ml
2536,815,43,60 ml
2537,816,183,45 ml
2538,816,28,10 ml
2539,816,20,1 tsp.
2540,817,183,30 ml
2541,817,53,20 ml
2542,817,5,15 ml
2543,817,10,1 tsp.
2544,817,8,50 ml
2545,818,183,60 ml
2546,818,33,60 ml
2547,819,185,30 ml
2548,819,33,90 ml
2549,820,183,60 ml
2550,820,117,30 ml
2551,820,8,30 ml
2552,821,183,40 ml
2553,821,187,10 ml
2554,821,86,20 ml
2555,821,188,2 tsp.
2556,822,185,45 ml
2557,822,44,45 ml
2558,822,39,1/2 tsp.
2559,822,5,1/2 tsp.
2560,822,6,1/2 tsp.
2561,823,183,45 ml
2562,823,5,20 ml
2563,823,10,1 tsp.
2564,823,8,Full up (60 ml)
2565,824,0,70 ml
2566,824,183,15 ml
2567,824,13,5 ml
2568,825,183,45 ml
2569,825,72,90 ml
2570,825,76,3 tsp.
2571,826,183,45 ml
2572,826,35,45 ml
2573,826,5,1 tsp.
2574,827,185,30 ml
2575,827,39,15 ml
2576,827,5,10 ml
2577,828,189,45 ml
2578,828,190,1/4 個
2579,828,32,2 tsp.
2580,828,8,適量 (45ml)
2581,828,191,適量 (12枚)
2582,829,189,45 ml
2583,829,4,60 ml
2584,829,59,スノースタイル
2585,830,192,45 ml
2586,830,2,20 ml
2587,830,1,Full up (90ml)
2588,831,184,30 ml
2589,831,193,10 ml
2590,831,14,10 ml
2591,831,4,40 ml
2592,832,189,70 ml
2593,832,33,70 ml
2594,832,5,5 ml
2595,833,194,45 ml
2596,833,34,15 ml
2597,833,70,Full up (30ml)
2598,834,184,20 ml
2599,834,141,15 ml
2600,834,39,10 ml
2601,834,6,10 ml
2602,834,5,5 ml
2603,835,184,45 ml
2604,835,49,Full up (90ml)
2605,836,184,45 ml
2606,836,8,Full up (90ml)
2607,837,187,60 ml
2608,837,8,適量 (60ml)
2609,838,187,45 ml
2610,838,53,15 ml
2611,839,187,25 ml
2612,839,34,10 ml
2613,839,2,10 ml
2614,839,43,Full up (60ml)
2615,840,187,30 ml
2616,840,33,60 ml
2617,841,187,45 ml
2618,841,0,20 ml
2619,841,91,15 ml
2620,841,90,75 ml
2621,842,187,20 ml
2622,842,35,10 ml
2623,842,179,10 ml
2624,842,174,20 ml
2625,843,187,60 ml
2626,843,117,60 ml
2627,844,187,80 ml
2628,844,183,50 ml
2629,844,10,2 tsp.
2630,844,6,1 tsp.
2631,844,8,50 ml
2632,845,187,60 ml
2633,845,15,60 ml
2634,846,187,45 ml
2635,846,1,Full up (90ml)
2636,847,78,30 ml
2637,847,123,90 ml
2638,848,6,20ml
2639,848,43,130 ml
2640,849,6,15 ml
2641,849,4,90 ml
2642,850,3,20 ml
2643,850,15,20 ml
2644,850,5,20 ml
2645,851,7,30 ml
2646,851,6,15 ml
2647,851,10,2 tsp.
2648,851,8,Full up (120ml)
2649,852,81,100 ml
2650,852,48,1 個
2651,852,32,2 tsp.
2652,852,157,3 drops
2653,852,67,1/2 cup
2654,853,3,40 ml
2655,853,5,20 ml
2656,853,32,1 tsp.
2657,854,3,40 ml
2658,854,5,10 ml
2659,854,6,1 tsp.
2660,854,48,1 個
2661,855,3,60 ml
2662,855,15,60 ml
2663,855,4,20 ml
2664,855,6,2 tsp.
2665,856,7,20 ml
2666,856,10,5 ml
2667,856,43,Full up (105ml)
2668,857,15,15 ml
2669,857,3,10 ml
2670,857,6,10 ml
2671,857,23,25 ml
2672,858,3,80 ml
2673,858,15,60 ml
2674,858,5,20 ml
2675,858,6,3 dash
2676,859,5,40 ml
2677,859,10,15 ml
2678,859,90,90 ml
2679,860,5,40 ml
2680,860,10,15 ml
2681,860,8,90 ml
2682,861,7,15 ml
2683,861,10,5 ml
2684,861,43,Full up (90ml)
2685,862,61,45 ml
2686,862,15,80 ml
2687,863,43,150 ml
2688,863,4,150 ml
2689,863,7,10 ml
2690,864,60,40 ml
2691,864,73,30 ml
2692,864,81,40 ml
2693,865,91,30 ml
2694,865,81,45 ml
2695,865,27,45 ml
2696,866,15,150 ml
2697,866,7,10 ml
2698,866,8,Full up (60ml)
2699,867,3,60 ml
2700,867,52,60 ml
2701,868,86,60 ml
2702,868,15,60 ml
2703,868,5,1 tsp.
2704,869,15,70 ml
2705,869,61,40 ml
2706,869,5,1 tsp.
2707,869,8,30 ml
2708,870,4,60 ml
2709,870,1,60 ml
2710,870,5,2 tsp.
2711,871,3,60 ml
2712,871,6,1 tsp.
2713,871,1,Full up (90ml)
2714,872,95,60 ml
2715,872,4,60 ml
2716,873,60,10 ml
2717,873,52,90 ml
2718,874,148,100 g
2719,874,81,100 ml
2720,874,10,15 ml
2721,874,5,1 tsp.
2722,875,91,15 ml
2723,875,5,30 ml
2724,875,81,150 ml
2725,876,5,20 ml
2726,876,10,10 ml
2727,876,166,1 個
2728,876,43,Full up (90ml)
2729,877,52,90 ml
2730,877,27,25 ml
2731,877,195,4 粒
2732,877,5,1 tsp.
2733,877,10,1 tsp.
2734,878,174,90 ml
2735,878,3,90 ml
2736,878,6,10 ml
2737,879,33,90 ml
2738,879,86,30 ml
2739,879,73,1 tsp
2740,880,4,60 ml
2741,880,27,60 ml
2742,881,1,45 ml
2743,881,8,45 ml
2744,881,3,20 ml
2745,882,174,45 ml
2746,882,49,Full up (90ml)
2747,882,6,1 tsp.
2748,883,196,15 ml
2749,883,27,90 ml
2750,883,3,30 ml
2751,884,27,60 ml
2752,884,7,1/2 tsp.
2753,884,8,Full up (90ml)
2754,885,179,7.5 ml
2755,885,197,7.5 ml
2756,885,15,40 ml
2757,885,3,40 ml
2758,885,81,40 ml
2759,886,5,10 ml
2760,886,10,10 ml
2761,886,8,100 ml
2762,887,197,15 ml
2763,887,5,1 tsp.
2764,887,27,120 ml
2765,888,33,90 ml
2766,888,3,90 ml
2767,889,198,15 ml
2768,889,3,120ml
2769,890,198,15ml
2770,890,15,Full up (120ml)
2771,891,199,20 ml
2772,891,123,100 ml
2773,892,198,15 ml
2774,892,1,120 ml
2775,893,198,15 ml
2776,893,86,120 ml
2777,894,198,15 ml
2778,894,4,120 ml
2779,895,198,15 ml
2780,895,81,120 ml
2781,896,198,15 ml
2782,896,49,120 ml
2783,897,200,15 ml
2784,897,3,Full up (120ml)
2785,898,200,15 ml
2786,898,15,120 ml
2787,899,201,20 ml
2788,899,15,Full up (80ml)
2789,900,197,15 ml
2790,900,3,Full up (120ml)
2791,901,197,15 ml
2792,901,15,Full up (120ml)
2793,902,202,30 ml
2794,902,123,90 ml
2795,903,197,15 ml
2796,903,4,120 ml
2797,904,179,15 ml
2798,904,3,120 ml
2799,905,203,10 ml
2800,905,204,10ml
2801,905,3,160 ml
2802,906,203,15 ml
2803,906,49,120 ml
2804,907,179,20 ml
2805,907,118,160 ml
2806,908,179,10 ml
2807,908,5,10 ml
2808,908,10,1 tsp.
2809,908,8,160 ml
2810,909,179,15 ml
2811,909,1,120 ml
2812,910,205,10 ml
2813,910,81,30 ml
2814,911,205,20 ml
2815,911,15,80 ml
2816,911,81,80 ml
2817,912,205,15 ml
2818,912,3,120 ml
2819,913,205,15 ml
2820,913,4,120 ml
2821,914,205,15 ml
2822,914,86,120 ml
2823,915,205,15 ml
2824,915,15,120 ml
2825,916,205,15 ml
2826,916,116,120 ml
2827,917,206,15 ml
2828,917,81,120 ml
2829,918,206,15 ml
2830,918,8,120 ml
2831,919,206,15 ml
2832,919,60,120 ml
2833,920,206,15 ml
2834,920,49,120 ml
2835,921,206,15 ml
2836,921,116,120 ml
2837,922,206,15 ml
2838,922,52,120 ml
2839,923,206,15 ml
2840,923,27,120 ml
2841,924,206,15 ml
2842,924,86,120 ml
2843,925,41,10 ml
2844,925,5,10ml
2845,925,10,10 ml
2846,925,8,160 ml
2847,926,41,20 ml
2848,926,5,10 ml
2849,926,8,Full up (160ml)
2850,927,41,15 ml
2851,927,197,15 ml
2852,927,4,160 ml
2853,928,15,30 ml
2854,928,4,30 ml
2855,928,7,1 tsp.
2856,928,8,Full up (30ml)
2857,928,41,1 tsp.
2858,929,41,15 ml
2859,929,5,1 tsp.
2860,929,43,120 ml
2861,930,40,10 ml
2862,930,5,10 ml
2863,930,10,10 ml
2864,930,8,150 ml
2865,931,40,15 ml
2866,931,8,120 ml
2867,932,40,15 ml
2868,932,15,120 ml
2869,933,40,15 ml
2870,933,4,120 ml
2871,934,40,15 ml
2872,934,3,120 ml
2873,935,207,15 ml
2874,935,57,120 ml
2875,935,110,適量 (15ml)
2876,936,196,15 ml
2877,936,49,120 ml
2878,937,196,15 ml
2879,937,15,120 ml
2880,938,196,15 ml
2881,938,8,120 ml
2882,939,196,15 ml
2883,939,116,120 ml
2884,940,196,15 ml
2885,940,81,120 ml
2886,941,91,30 ml
2887,941,15,120 ml
2888,942,91,30 ml
2889,942,86,120 ml
2890,943,91,30 ml
2891,943,208,120 ml
2892,944,91,20 ml
2893,944,33,100 ml
2894,945,43,90 ml
2895,945,1,45 ml
2896,945,7,1 tsp.
2897,946,43,60 ml
2898,946,52,60ml
2899,947,15,60 ml
2900,947,43,60 ml
2901,948,119,40 ml
2902,948,8,80 ml
2903,949,119,40 ml
2904,949,3,80 ml
2905,950,197,15 ml
2906,950,5,10 ml
2907,950,27,60 ml
2908,950,8,60 ml
2909,951,179,10 ml
2910,951,4,30 ml
2911,951,27,30 ml
2912,952,10,1/4
2913,952,90,1/4
2914,952,7,1/4
2915,952,5,1/4
2916,953,10,1/4
2917,953,90,1/4
2918,953,5,2/4
2919,954,10,1/4
2920,954,90,1/4
2921,954,7,2/4
